fips,state,medianHouseholdIncome
0,US,69717
1000,AL,53990
1001,AL,66444
1003,AL,65658
1005,AL,38649
1007,AL,48454
1009,AL,56894
1011,AL,32027
1013,AL,39442
1015,AL,48166
1017,AL,45447
1019,AL,46365
1021,AL,55142
1023,AL,40601
1025,AL,45447
1027,AL,47036
1029,AL,49769
1031,AL,55052
1033,AL,53341
1035,AL,35621
1037,AL,45954
1039,AL,44188
1041,AL,38037
1043,AL,55036
1045,AL,50086
1047,AL,33159
1049,AL,45062
1051,AL,63147
1053,AL,40506
1055,AL,46308
1057,AL,46122
1059,AL,45440
1061,AL,43206
1063,AL,30225
1065,AL,41995
1067,AL,56389
1069,AL,48701
1071,AL,46998
1073,AL,55210
1075,AL,44265
1077,AL,52222
1079,AL,55555
1081,AL,54188
1083,AL,69207
1085,AL,36993
1087,AL,35354
1089,AL,78386
1091,AL,42048
1093,AL,44636
1095,AL,50858
1097,AL,49848
1099,AL,40997
1101,AL,50645
1103,AL,56340
1105,AL,31522
1107,AL,43926
1109,AL,38945
1111,AL,45889
1113,AL,44849
1115,AL,63015
1117,AL,85457
1119,AL,29490
1121,AL,47331
1123,AL,47444
1125,AL,56274
1127,AL,46343
1129,AL,49795
1131,AL,30071
1133,AL,47176
2000,AK,78437
2013,AK,71492
2016,AK,86050
2020,AK,86152
2050,AK,54849
2060,AK,88516
2063,AK,88029
2066,AK,61288
2068,AK,85251
2070,AK,58389
2090,AK,76754
2100,AK,63155
2105,AK,56555
2110,AK,89922
2122,AK,71111
2130,AK,73260
2150,AK,80863
2158,AK,38203
2164,AK,51205
2170,AK,80164
2180,AK,65578
2185,AK,95041
2188,AK,67586
2195,AK,71878
2198,AK,56226
2201,AK,
2220,AK,78248
2230,AK,65712
2232,AK,
2240,AK,68347
2261,AK,
2275,AK,64732
2280,AK,
2282,AK,73014
2290,AK,44934
4000,AZ,68967
4001,AZ,41002
4003,AZ,55748
4005,AZ,63829
4007,AZ,52665
4009,AZ,52644
4011,AZ,71669
4012,AZ,44330
4013,AZ,76230
4015,AZ,48169
4017,AZ,49057
4019,AZ,60604
4021,AZ,70835
4023,AZ,49216
4025,AZ,57676
4027,AZ,55991
5000,AR,52577
5001,AR,50928
5003,AR,44030
5005,AR,45116
5007,AR,78974
5009,AR,48700
5011,AR,40454
5013,AR,49977
5015,AR,49225
5017,AR,34857
5019,AR,47158
5021,AR,41419
5023,AR,50200
5025,AR,53705
5027,AR,44651
5029,AR,47741
5031,AR,52490
5033,AR,54065
5035,AR,43821
5037,AR,45262
5039,AR,42442
5041,AR,39042
5043,AR,46572
5045,AR,57573
5047,AR,47834
5049,AR,41557
5051,AR,48053
5053,AR,67088
5055,AR,53920
5057,AR,41281
5059,AR,51662
5061,AR,42733
5063,AR,48957
5065,AR,40788
5067,AR,37815
5069,AR,46100
5071,AR,43003
5073,AR,38777
5075,AR,44661
5077,AR,29714
5079,AR,45435
5081,AR,46619
5083,AR,45558
5085,AR,64633
5087,AR,49691
5089,AR,42892
5091,AR,45450
5093,AR,41007
5095,AR,37113
5097,AR,41359
5099,AR,40283
5101,AR,41823
5103,AR,47169
5105,AR,51204
5107,AR,32419
5109,AR,43710
5111,AR,42639
5113,AR,43166
5115,AR,47049
5117,AR,59367
5119,AR,53597
5121,AR,43484
5123,AR,36781
5125,AR,68107
5127,AR,39974
5129,AR,35422
5131,AR,49170
5133,AR,46651
5135,AR,39183
5137,AR,37782
5139,AR,47315
5141,AR,39629
5143,AR,64218
5145,AR,51660
5147,AR,37331
5149,AR,48526
6000,CA,84831
6001,CA,108971
6003,CA,87570
6005,CA,68159
6007,CA,62982
6009,CA,68298
6011,CA,60725
6013,CA,110595
6015,CA,48108
6017,CA,87689
6019,CA,63140
6021,CA,56741
6023,CA,53924
6025,CA,50970
6027,CA,62381
6029,CA,57926
6031,CA,60810
6033,CA,55801
6035,CA,56923
6037,CA,77356
6039,CA,60241
6041,CA,118472
6043,CA,60377
6045,CA,57516
6047,CA,54703
6049,CA,49273
6051,CA,70945
6053,CA,81404
6055,CA,94127
6057,CA,77220
6059,CA,100210
6061,CA,103588
6063,CA,58154
6065,CA,78690
6067,CA,79611
6069,CA,95187
6071,CA,74218
6073,CA,90756
6075,CA,119776
6077,CA,79598
6079,CA,79688
6081,CA,131151
6083,CA,83185
6085,CA,141161
6087,CA,90370
6089,CA,60187
6091,CA,60659
6093,CA,50069
6095,CA,87348
6097,CA,92999
6099,CA,73151
6101,CA,63246
6103,CA,53654
6105,CA,45508
6107,CA,57398
6109,CA,61396
6111,CA,95819
6113,CA,76247
6115,CA,60764
8000,CO,82228
8001,CO,80831
8003,CO,51009
8005,CO,84308
8007,CO,68025
8009,CO,44257
8011,CO,37185
8013,CO,90327
8014,CO,106413
8015,CO,65987
8017,CO,58544
8019,CO,78312
8021,CO,45931
8023,CO,35416
8025,CO,38049
8027,CO,63505
8029,CO,52403
8031,CO,81262
8033,CO,55157
8035,CO,129839
8037,CO,94928
8039,CO,114853
8041,CO,79094
8043,CO,51732
8045,CO,78940
8047,CO,82370
8049,CO,78779
8051,CO,63872
8053,CO,66213
8055,CO,46798
8057,CO,55535
8059,CO,94401
8061,CO,61430
8063,CO,56272
8065,CO,64416
8067,CO,74774
8069,CO,78681
8071,CO,42708
8073,CO,51975
8075,CO,53234
8077,CO,63531
8079,CO,62213
8081,CO,64133
8083,CO,53337
8085,CO,56686
8087,CO,61849
8089,CO,45658
8091,CO,80686
8093,CO,84361
8095,CO,56577
8097,CO,96316
8099,CO,48337
8101,CO,56311
8103,CO,65334
8105,CO,52353
8107,CO,93776
8109,CO,43366
8111,CO,54146
8113,CO,79742
8115,CO,45645
8117,CO,90297
8119,CO,76715
8121,CO,57522
8123,CO,84826
8125,CO,56161
9000,CT,83628
9001,CT,100703
9003,CT,79958
9005,CT,84689
9007,CT,94735
9009,CT,75094
9011,CT,78552
9013,CT,86430
9015,CT,71581
10000,DE,71636
10001,DE,64670
10003,DE,74088
10005,DE,70500
11000,DC,91072
11001,DC,91072
12000,FL,63054
12001,FL,56006
12003,FL,60994
12005,FL,60106
12007,FL,54911
12009,FL,65280
12011,FL,65536
12013,FL,43210
12015,FL,59547
12017,FL,48237
12019,FL,76711
12021,FL,75799
12023,FL,52035
12027,FL,43256
12029,FL,39029
12031,FL,60121
12033,FL,54492
12035,FL,65783
12037,FL,44684
12039,FL,45678
12041,FL,52168
12043,FL,46389
12045,FL,51684
12047,FL,39522
12049,FL,45964
12051,FL,48841
12053,FL,56443
12055,FL,47820
12057,FL,65818
12059,FL,44139
12061,FL,61351
12063,FL,42721
12065,FL,56130
12067,FL,45732
12069,FL,64662
12071,FL,66426
12073,FL,57246
12075,FL,45494
12077,FL,48271
12079,FL,43444
12081,FL,67929
12083,FL,54555
12085,FL,67059
12086,FL,58905
12087,FL,68975
12089,FL,78069
12091,FL,69053
12093,FL,47642
12095,FL,64579
12097,FL,60495
12099,FL,70024
12101,FL,59555
12103,FL,61851
12105,FL,56344
12107,FL,38759
12109,FL,94662
12111,FL,62378
12113,FL,80837
12115,FL,71630
12117,FL,70470
12119,FL,69707
12121,FL,46284
12123,FL,47083
12125,FL,48667
12127,FL,58246
12129,FL,71962
12131,FL,64779
12133,FL,47930
13000,GA,66507
13001,GA,46530
13003,GA,40303
13005,GA,43154
13007,GA,44106
13009,GA,44685
13011,GA,60485
13013,GA,67646
13015,GA,67604
13017,GA,39863
13019,GA,46404
13021,GA,47859
13023,GA,51770
13025,GA,48076
13027,GA,40936
13029,GA,87334
13031,GA,53105
13033,GA,46977
13035,GA,61471
13037,GA,38232
13039,GA,63482
13043,GA,41593
13045,GA,59894
13047,GA,64245
13049,GA,47229
13051,GA,61527
13053,GA,53786
13055,GA,42974
13057,GA,96997
13059,GA,49145
13061,GA,35957
13063,GA,51422
13065,GA,44799
13067,GA,87532
13069,GA,36708
13071,GA,44485
13073,GA,87281
13075,GA,44995
13077,GA,85182
13079,GA,54442
13081,GA,41505
13083,GA,64054
13085,GA,76903
13087,GA,42960
13089,GA,70756
13091,GA,40856
13093,GA,43270
13095,GA,41985
13097,GA,66162
13099,GA,38817
13101,GA,42241
13103,GA,76626
13105,GA,42866
13107,GA,45252
13109,GA,41847
13111,GA,54446
13113,GA,92319
13115,GA,59685
13117,GA,120919
13119,GA,48045
13121,GA,82820
13123,GA,57970
13125,GA,49175
13127,GA,60685
13129,GA,56053
13131,GA,42171
13133,GA,65261
13135,GA,75021
13137,GA,55987
13139,GA,68057
13141,GA,35830
13143,GA,62472
13145,GA,80911
13147,GA,59149
13149,GA,50379
13151,GA,76577
13153,GA,71609
13155,GA,44540
13157,GA,72486
13159,GA,61354
13161,GA,42192
13163,GA,42461
13165,GA,38497
13167,GA,37703
13169,GA,61509
13171,GA,55933
13173,GA,47789
13175,GA,47905
13177,GA,76546
13179,GA,50696
13181,GA,50080
13183,GA,55601
13185,GA,46565
13187,GA,64077
13189,GA,44597
13191,GA,47651
13193,GA,35660
13195,GA,56526
13197,GA,39717
13199,GA,46799
13201,GA,44814
13205,GA,42539
13207,GA,65697
13209,GA,47618
13211,GA,67187
13213,GA,53297
13215,GA,52090
13217,GA,71366
13219,GA,112581
13221,GA,57215
13223,GA,89632
13225,GA,54921
13227,GA,72539
13229,GA,51688
13231,GA,75668
13233,GA,49061
13235,GA,45594
13237,GA,55826
13239,GA,38357
13241,GA,58463
13243,GA,34883
13245,GA,47816
13247,GA,65746
13249,GA,53369
13251,GA,45061
13253,GA,41917
13255,GA,52902
13257,GA,47909
13259,GA,37318
13261,GA,39008
13263,GA,42646
13265,GA,40045
13267,GA,44225
13269,GA,41030
13271,GA,38091
13273,GA,40549
13275,GA,50154
13277,GA,48717
13279,GA,45253
13281,GA,51810
13283,GA,40947
13285,GA,49557
13287,GA,37477
13289,GA,47382
13291,GA,59494
13293,GA,47140
13295,GA,47810
13297,GA,73839
13299,GA,43065
13301,GA,40361
13303,GA,46051
13305,GA,46314
13307,GA,44084
13309,GA,35664
13311,GA,61473
13313,GA,56973
13315,GA,38449
13317,GA,42567
13319,GA,46475
13321,GA,48943
15000,HI,85547
15001,HI,67896
15003,HI,90176
15007,HI,76719
15009,HI,75421
16000,ID,66318
16001,ID,79345
16003,ID,51829
16005,ID,60058
16007,ID,60265
16009,ID,53667
16011,ID,63576
16013,ID,86735
16015,ID,71545
16017,ID,61940
16019,ID,69880
16021,ID,55285
16023,ID,52221
16025,ID,57230
16027,ID,64301
16029,ID,66697
16031,ID,63356
16033,ID,52838
16035,ID,53344
16037,ID,53846
16039,ID,51436
16041,ID,59974
16043,ID,58878
16045,ID,58562
16047,ID,59174
16049,ID,51056
16051,ID,75957
16053,ID,59040
16055,ID,68043
16057,ID,59436
16059,ID,57499
16061,ID,50128
16063,ID,57111
16065,ID,55721
16067,ID,61010
16069,ID,61951
16071,ID,60769
16073,ID,52374
16075,ID,58885
16077,ID,57322
16079,ID,47699
16081,ID,84015
16083,ID,57487
16085,ID,69425
16087,ID,51067
17000,IL,72215
17001,IL,59777
17003,IL,41816
17005,IL,57287
17007,IL,71557
17009,IL,51294
17011,IL,61431
17013,IL,63586
17015,IL,54450
17017,IL,60961
17019,IL,58787
17021,IL,52500
17023,IL,58741
17025,IL,51042
17027,IL,77272
17029,IL,47693
17031,IL,72063
17033,IL,59128
17035,IL,69740
17037,IL,67081
17039,IL,64325
17041,IL,65447
17043,IL,99536
17045,IL,56772
17047,IL,53779
17049,IL,69988
17051,IL,52610
17053,IL,57483
17055,IL,49510
17057,IL,50978
17059,IL,48424
17061,IL,53394
17063,IL,83254
17065,IL,55409
17067,IL,56700
17069,IL,47144
17071,IL,59415
17073,IL,62683
17075,IL,60736
17077,IL,43334
17079,IL,59069
17081,IL,53294
17083,IL,68675
17085,IL,67839
17087,IL,57073
17089,IL,90941
17091,IL,63880
17093,IL,100483
17095,IL,47559
17097,IL,95895
17099,IL,64447
17101,IL,46525
17103,IL,60542
17105,IL,61569
17107,IL,58939
17109,IL,53024
17111,IL,92522
17113,IL,71309
17115,IL,48245
17117,IL,57755
17119,IL,65886
17121,IL,55292
17123,IL,64132
17125,IL,58828
17127,IL,52680
17129,IL,75687
17131,IL,64731
17133,IL,93054
17135,IL,59116
17137,IL,54644
17139,IL,69652
17141,IL,74472
17143,IL,56460
17145,IL,53071
17147,IL,81583
17149,IL,54474
17151,IL,50404
17153,IL,42738
17155,IL,74798
17157,IL,58694
17159,IL,56852
17161,IL,58171
17163,IL,66422
17165,IL,50914
17167,IL,68476
17169,IL,57839
17171,IL,63510
17173,IL,55725
17175,IL,58265
17177,IL,56263
17179,IL,65427
17181,IL,52384
17183,IL,49825
17185,IL,56183
17187,IL,61734
17189,IL,66746
17191,IL,51669
17193,IL,50653
17195,IL,56805
17197,IL,93994
17199,IL,55447
17201,IL,57113
17203,IL,85085
18000,IN,62723
18001,IN,62282
18003,IN,62680
18005,IN,72458
18007,IN,60738
18009,IN,47553
18011,IN,98047
18013,IN,66839
18015,IN,57019
18017,IN,53813
18019,IN,62822
18021,IN,64245
18023,IN,60609
18025,IN,52031
18027,IN,59888
18029,IN,73150
18031,IN,64871
18033,IN,65059
18035,IN,50533
18037,IN,67615
18039,IN,62233
18041,IN,50642
18043,IN,67330
18045,IN,55195
18047,IN,61261
18049,IN,57400
18051,IN,60592
18053,IN,50248
18055,IN,55504
18057,IN,108203
18059,IN,80326
18061,IN,66989
18063,IN,90298
18065,IN,52994
18067,IN,56268
18069,IN,55546
18071,IN,61943
18073,IN,74336
18075,IN,52315
18077,IN,59333
18079,IN,61964
18081,IN,79914
18083,IN,56564
18085,IN,66525
18087,IN,80335
18089,IN,61468
18091,IN,62620
18093,IN,52557
18095,IN,54026
18097,IN,58737
18099,IN,68799
18101,IN,61520
18103,IN,56867
18105,IN,53166
18107,IN,57997
18109,IN,69203
18111,IN,61336
18113,IN,65979
18115,IN,64947
18117,IN,52910
18119,IN,57716
18121,IN,55683
18123,IN,58097
18125,IN,52093
18127,IN,80878
18129,IN,74102
18131,IN,58239
18133,IN,61223
18135,IN,50809
18137,IN,65893
18139,IN,60486
18141,IN,59325
18143,IN,54747
18145,IN,64528
18147,IN,62311
18149,IN,57994
18151,IN,65407
18153,IN,47606
18155,IN,57362
18157,IN,55192
18159,IN,67866
18161,IN,65572
18163,IN,53795
18165,IN,53540
18167,IN,48421
18169,IN,62193
18171,IN,63154
18173,IN,83005
18175,IN,57348
18177,IN,50569
18179,IN,66102
18181,IN,62151
18183,IN,64146
19000,IA,65645
19001,IA,60847
19003,IA,54403
19005,IA,60717
19007,IA,51222
19009,IA,69484
19011,IA,78155
19013,IA,60716
19015,IA,69888
19017,IA,75395
19019,IA,64503
19021,IA,60576
19023,IA,65284
19025,IA,59643
19027,IA,65598
19029,IA,55909
19031,IA,75894
19033,IA,55465
19035,IA,64286
19037,IA,67667
19039,IA,58483
19041,IA,60162
19043,IA,56076
19045,IA,60528
19047,IA,58874
19049,IA,94467
19051,IA,75730
19053,IA,48666
19055,IA,69767
19057,IA,53917
19059,IA,67949
19061,IA,73968
19063,IA,52000
19065,IA,56366
19067,IA,59638
19069,IA,60269
19071,IA,68622
19073,IA,57737
19075,IA,71652
19077,IA,66112
19079,IA,64292
19081,IA,61544
19083,IA,58126
19085,IA,67433
19087,IA,61112
19089,IA,58857
19091,IA,69252
19093,IA,58792
19095,IA,66613
19097,IA,61307
19099,IA,65714
19101,IA,52763
19103,IA,68664
19105,IA,62810
19107,IA,56843
19109,IA,62571
19111,IA,56001
19113,IA,70464
19115,IA,64151
19117,IA,64796
19119,IA,70654
19121,IA,82730
19123,IA,62776
19125,IA,69307
19127,IA,63541
19129,IA,76917
19131,IA,61719
19133,IA,56394
19135,IA,62014
19137,IA,53399
19139,IA,63519
19141,IA,62959
19143,IA,62624
19145,IA,55317
19147,IA,57866
19149,IA,74002
19151,IA,59634
19153,IA,73276
19155,IA,66144
19157,IA,60542
19159,IA,52849
19161,IA,66007
19163,IA,66443
19165,IA,64534
19167,IA,84283
19169,IA,65137
19171,IA,61660
19173,IA,54458
19175,IA,55698
19177,IA,53210
19179,IA,55297
19181,IA,85704
19183,IA,65761
19185,IA,53282
19187,IA,55183
19189,IA,59949
19191,IA,70482
19193,IA,60110
19195,IA,64965
19197,IA,61072
20000,KS,64128
20001,KS,50794
20003,KS,57068
20005,KS,57445
20007,KS,56344
20009,KS,54236
20011,KS,51355
20013,KS,52446
20015,KS,71826
20017,KS,57415
20019,KS,46986
20021,KS,51353
20023,KS,49281
20025,KS,58699
20027,KS,59343
20029,KS,50176
20031,KS,64991
20033,KS,51548
20035,KS,51699
20037,KS,47718
20039,KS,49062
20041,KS,60693
20043,KS,59400
20045,KS,59763
20047,KS,40896
20049,KS,45405
20051,KS,58846
20053,KS,59368
20055,KS,62157
20057,KS,67105
20059,KS,64136
20061,KS,54104
20063,KS,58442
20065,KS,49884
20067,KS,64425
20069,KS,69219
20071,KS,65448
20073,KS,50157
20075,KS,61066
20077,KS,49103
20079,KS,65989
20081,KS,66245
20083,KS,65042
20085,KS,54623
20087,KS,73702
20089,KS,52362
20091,KS,93220
20093,KS,76518
20095,KS,58917
20097,KS,55600
20099,KS,49185
20101,KS,61506
20103,KS,81325
20105,KS,53199
20107,KS,57104
20109,KS,61365
20111,KS,51420
20113,KS,64853
20115,KS,56983
20117,KS,55737
20119,KS,68909
20121,KS,77550
20123,KS,59001
20125,KS,49251
20127,KS,53808
20129,KS,57476
20131,KS,68755
20133,KS,51056
20135,KS,57269
20137,KS,52131
20139,KS,63166
20141,KS,52866
20143,KS,58366
20145,KS,54004
20147,KS,54720
20149,KS,78296
20151,KS,58506
20153,KS,49823
20155,KS,52121
20157,KS,50131
20159,KS,58384
20161,KS,57144
20163,KS,51957
20165,KS,53110
20167,KS,48071
20169,KS,57643
20171,KS,66233
20173,KS,60540
20175,KS,61897
20177,KS,56625
20179,KS,58786
20181,KS,54207
20183,KS,49756
20185,KS,52542
20187,KS,65457
20189,KS,64368
20191,KS,58342
20193,KS,61169
20195,KS,56619
20197,KS,72031
20199,KS,59241
20201,KS,55590
20203,KS,58549
20205,KS,46829
20207,KS,41706
20209,KS,54943
21000,KY,55532
21001,KY,42112
21003,KY,51485
21005,KY,67773
21007,KY,53491
21009,KY,49245
21011,KY,43410
21013,KY,31033
21015,KY,85284
21017,KY,58304
21019,KY,48979
21021,KY,52940
21023,KY,55347
21025,KY,33005
21027,KY,50012
21029,KY,68630
21031,KY,49288
21033,KY,46240
21035,KY,49263
21037,KY,71245
21039,KY,56804
21041,KY,49814
21043,KY,43538
21045,KY,38320
21047,KY,48416
21049,KY,60774
21051,KY,30700
21053,KY,36865
21055,KY,46263
21057,KY,39511
21059,KY,59304
21061,KY,47734
21063,KY,34491
21065,KY,41843
21067,KY,61269
21069,KY,50025
21071,KY,36253
21073,KY,60517
21075,KY,35630
21077,KY,57345
21079,KY,54882
21081,KY,61078
21083,KY,49668
21085,KY,45695
21087,KY,42569
21089,KY,54292
21091,KY,60897
21093,KY,61224
21095,KY,31116
21097,KY,58535
21099,KY,50074
21101,KY,56142
21103,KY,56593
21105,KY,49328
21107,KY,49883
21109,KY,36997
21111,KY,60636
21113,KY,61652
21115,KY,41013
21117,KY,70693
21119,KY,34051
21121,KY,32646
21123,KY,54470
21125,KY,48950
21127,KY,42750
21129,KY,29143
21131,KY,32682
21133,KY,34897
21135,KY,40508
21137,KY,44399
21139,KY,48371
21141,KY,53519
21143,KY,56445
21145,KY,60504
21147,KY,32938
21149,KY,53102
21151,KY,54498
21153,KY,34423
21155,KY,51523
21157,KY,57802
21159,KY,29387
21161,KY,49924
21163,KY,58839
21165,KY,38928
21167,KY,53336
21169,KY,42755
21171,KY,41638
21173,KY,51831
21175,KY,47131
21177,KY,45883
21179,KY,62036
21181,KY,46547
21183,KY,55432
21185,KY,109181
21187,KY,55321
21189,KY,29365
21191,KY,56036
21193,KY,36528
21195,KY,38066
21197,KY,40116
21199,KY,45532
21201,KY,51177
21203,KY,43378
21205,KY,52451
21207,KY,40454
21209,KY,71961
21211,KY,72524
21213,KY,58531
21215,KY,91160
21217,KY,50258
21219,KY,51189
21221,KY,52511
21223,KY,62902
21225,KY,50862
21227,KY,59223
21229,KY,64733
21231,KY,38651
21233,KY,52575
21235,KY,37530
21237,KY,34749
21239,KY,76942
22000,LA,52090
22001,LA,44648
22003,LA,43192
22005,LA,75498
22007,LA,42404
22009,LA,38567
22011,LA,59550
22013,LA,38093
22015,LA,61225
22017,LA,44968
22019,LA,57667
22021,LA,39079
22023,LA,62457
22025,LA,38006
22027,LA,36115
22029,LA,36821
22031,LA,48007
22033,LA,51746
22035,LA,30288
22037,LA,51296
22039,LA,37707
22041,LA,38439
22043,LA,50979
22045,LA,47391
22047,LA,47942
22049,LA,45481
22051,LA,56080
22053,LA,48709
22055,LA,59062
22057,LA,58740
22059,LA,47205
22061,LA,40384
22063,LA,71605
22065,LA,33619
22067,LA,36998
22069,LA,43381
22071,LA,46188
22073,LA,47737
22075,LA,68765
22077,LA,51988
22079,LA,47316
22081,LA,40724
22083,LA,39804
22085,LA,44952
22087,LA,46938
22089,LA,70224
22091,LA,41937
22093,LA,60466
22095,LA,58548
22097,LA,39806
22099,LA,49271
22101,LA,42757
22103,LA,68616
22105,LA,51596
22107,LA,31438
22109,LA,59482
22111,LA,43746
22113,LA,52070
22115,LA,51401
22117,LA,39363
22119,LA,41436
22121,LA,67436
22123,LA,40812
22125,LA,69086
22127,LA,44942
23000,ME,64823
23001,ME,61411
23003,ME,51770
23005,ME,80484
23007,ME,52295
23009,ME,57001
23011,ME,60449
23013,ME,68786
23015,ME,65638
23017,ME,51872
23019,ME,56261
23021,ME,49999
23023,ME,75624
23025,ME,51040
23027,ME,58262
23029,ME,42755
23031,ME,73794
24000,MD,90129
24001,MD,49236
24003,MD,107281
24005,MD,80159
24009,MD,117459
24011,MD,61945
24013,MD,102006
24015,MD,76727
24017,MD,103918
24019,MD,54731
24021,MD,104253
24023,MD,55107
24025,MD,95951
24027,MD,131412
24029,MD,66183
24031,MD,112352
24033,MD,89689
24035,MD,94583
24037,MD,106539
24039,MD,47131
24041,MD,78931
24043,MD,65433
24045,MD,61848
24047,MD,70952
24510,MD,54068
25000,MA,89577
25001,MA,82980
25003,MA,60945
25005,MA,72857
25007,MA,79338
25009,MA,87145
25011,MA,68948
25013,MA,61818
25015,MA,77117
25017,MA,112345
25019,MA,110966
25021,MA,114658
25023,MA,99445
25025,MA,77163
25027,MA,84583
26000,MI,63444
26001,MI,46749
26003,MI,54516
26005,MI,73873
26007,MI,50848
26009,MI,59430
26011,MI,50452
26013,MI,46656
26015,MI,68380
26017,MI,56681
26019,MI,67924
26021,MI,57554
26023,MI,60481
26025,MI,55639
26027,MI,62065
26029,MI,64604
26031,MI,53747
26033,MI,48972
26035,MI,46085
26037,MI,77617
26039,MI,50367
26041,MI,53234
26043,MI,56033
26045,MI,70638
26047,MI,71401
26049,MI,52157
26051,MI,49146
26053,MI,44675
26055,MI,66271
26057,MI,55249
26059,MI,54863
26061,MI,52585
26063,MI,51767
26065,MI,57733
26067,MI,64641
26069,MI,47401
26071,MI,48920
26073,MI,47999
26075,MI,58637
26077,MI,62476
26079,MI,57920
26081,MI,71933
26083,MI,50729
26085,MI,40382
26087,MI,71306
26089,MI,86406
26091,MI,62050
26093,MI,92357
26095,MI,47959
26097,MI,53028
26099,MI,67646
26101,MI,54422
26103,MI,56179
26105,MI,55536
26107,MI,52481
26109,MI,57421
26111,MI,68054
26113,MI,51151
26115,MI,66179
26117,MI,55735
26119,MI,44500
26121,MI,55410
26123,MI,57840
26125,MI,86597
26127,MI,56533
26129,MI,45186
26131,MI,46824
26133,MI,52272
26135,MI,42620
26137,MI,59538
26139,MI,79402
26141,MI,56119
26143,MI,50822
26145,MI,50992
26147,MI,61466
26149,MI,58400
26151,MI,49541
26153,MI,49735
26155,MI,53197
26157,MI,52365
26159,MI,59240
26161,MI,77359
26163,MI,52644
26165,MI,53711
27000,MN,77712
27001,MN,56471
27003,MN,88416
27005,MN,67261
27007,MN,60386
27009,MN,67048
27011,MN,55635
27013,MN,68620
27015,MN,63708
27017,MN,68442
27019,MN,106582
27021,MN,57928
27023,MN,58611
27025,MN,85080
27027,MN,67970
27029,MN,60235
27031,MN,62528
27033,MN,58801
27035,MN,64008
27037,MN,93850
27039,MN,84385
27041,MN,67370
27043,MN,55696
27045,MN,67804
27047,MN,62770
27049,MN,74974
27051,MN,61901
27053,MN,84220
27055,MN,70325
27057,MN,65557
27059,MN,74481
27061,MN,59138
27063,MN,64052
27065,MN,57937
27067,MN,66030
27069,MN,60785
27071,MN,59299
27073,MN,62182
27075,MN,68725
27077,MN,62357
27079,MN,82936
27081,MN,60199
27083,MN,66692
27085,MN,67835
27087,MN,52486
27089,MN,66165
27091,MN,57521
27093,MN,66785
27095,MN,66546
27097,MN,63671
27099,MN,60831
27101,MN,72302
27103,MN,73386
27105,MN,58596
27107,MN,60560
27109,MN,83656
27111,MN,63741
27113,MN,64778
27115,MN,62206
27117,MN,58379
27119,MN,61629
27121,MN,70662
27123,MN,70485
27125,MN,57208
27127,MN,61480
27129,MN,63768
27131,MN,71490
27133,MN,67389
27135,MN,69341
27137,MN,64321
27139,MN,108730
27141,MN,92205
27143,MN,73913
27145,MN,67213
27147,MN,70093
27149,MN,64585
27151,MN,59516
27153,MN,58012
27155,MN,60270
27157,MN,68843
27159,MN,55215
27161,MN,69110
27163,MN,105251
27165,MN,65099
27167,MN,65514
27169,MN,63878
27171,MN,99744
27173,MN,64247
28000,MS,48871
28001,MS,40007
28003,MS,46712
28005,MS,41927
28007,MS,40592
28009,MS,41019
28011,MS,35599
28013,MS,38073
28015,MS,46012
28017,MS,40762
28019,MS,43567
28021,MS,33163
28023,MS,43774
28025,MS,40257
28027,MS,31234
28029,MS,43471
28031,MS,43796
28033,MS,72890
28035,MS,45326
28037,MS,43579
28039,MS,54560
28041,MS,45013
28043,MS,39562
28045,MS,54207
28047,MS,54090
28049,MS,42092
28051,MS,28236
28053,MS,30555
28055,MS,29050
28057,MS,51454
28059,MS,57664
28061,MS,43527
28063,MS,32234
28065,MS,34876
28067,MS,44670
28069,MS,37262
28071,MS,52428
28073,MS,65261
28075,MS,44492
28077,MS,45844
28079,MS,42938
28081,MS,57597
28083,MS,31091
28085,MS,45609
28087,MS,49086
28089,MS,77665
28091,MS,40017
28093,MS,40650
28095,MS,47768
28097,MS,40442
28099,MS,44008
28101,MS,45278
28103,MS,34467
28105,MS,43226
28107,MS,42287
28109,MS,51023
28111,MS,45758
28113,MS,39063
28115,MS,50133
28117,MS,49750
28119,MS,31877
28121,MS,71478
28123,MS,41496
28125,MS,32650
28127,MS,43757
28129,MS,48335
28131,MS,51353
28133,MS,34017
28135,MS,35671
28137,MS,54882
28139,MS,49254
28141,MS,47839
28143,MS,37886
28145,MS,51678
28147,MS,37080
28149,MS,50060
28151,MS,38040
28153,MS,38380
28155,MS,49335
28157,MS,33777
28159,MS,48427
28161,MS,42995
28163,MS,37119
29000,MO,61815
29001,MO,47619
29003,MO,63665
29005,MO,54708
29007,MO,55262
29009,MO,47532
29011,MO,46554
29013,MO,54634
29015,MO,51574
29017,MO,54291
29019,MO,62805
29021,MO,51811
29023,MO,43640
29025,MO,52861
29027,MO,64333
29029,MO,54637
29031,MO,60997
29033,MO,59257
29035,MO,39423
29037,MO,79949
29039,MO,43563
29041,MO,56898
29043,MO,70623
29045,MO,50390
29047,MO,75129
29049,MO,64823
29051,MO,63972
29053,MO,56824
29055,MO,49511
29057,MO,43303
29059,MO,46189
29061,MO,56786
29063,MO,54112
29065,MO,45530
29067,MO,41505
29069,MO,42932
29071,MO,68162
29073,MO,56626
29075,MO,49726
29077,MO,53391
29079,MO,49560
29081,MO,47536
29083,MO,48263
29085,MO,40224
29087,MO,54322
29089,MO,55699
29091,MO,45132
29093,MO,44817
29095,MO,63282
29097,MO,51936
29099,MO,68959
29101,MO,59146
29103,MO,45464
29105,MO,46405
29107,MO,68142
29109,MO,51385
29111,MO,47136
29113,MO,76182
29115,MO,49490
29117,MO,51789
29119,MO,41784
29121,MO,49295
29123,MO,46428
29125,MO,52560
29127,MO,54542
29129,MO,49815
29131,MO,47185
29133,MO,38559
29135,MO,56419
29137,MO,52079
29139,MO,52818
29141,MO,50410
29143,MO,39778
29145,MO,58832
29147,MO,49751
29149,MO,37898
29151,MO,67603
29153,MO,41194
29155,MO,36828
29157,MO,56788
29159,MO,49333
29161,MO,49346
29163,MO,51699
29165,MO,86720
29167,MO,53856
29169,MO,58046
29171,MO,46774
29173,MO,61239
29175,MO,48560
29177,MO,68609
29179,MO,42611
29181,MO,37865
29183,MO,92029
29185,MO,41754
29186,MO,63729
29187,MO,48557
29189,MO,72507
29195,MO,51994
29197,MO,49163
29199,MO,48665
29201,MO,49257
29203,MO,36683
29205,MO,50838
29207,MO,46818
29209,MO,53039
29211,MO,46864
29213,MO,47210
29215,MO,41483
29217,MO,48273
29219,MO,71073
29221,MO,44063
29223,MO,41271
29225,MO,59303
29227,MO,45477
29229,MO,41748
29510,MO,49246
30000,MT,63357
30001,MT,53776
30003,MT,47179
30005,MT,46335
30007,MT,66307
30009,MT,62841
30011,MT,52116
30013,MT,57085
30015,MT,51113
30017,MT,54913
30019,MT,52852
30021,MT,70252
30023,MT,45725
30025,MT,63793
30027,MT,54823
30029,MT,65835
30031,MT,78910
30033,MT,49898
30035,MT,44777
30037,MT,43820
30039,MT,52984
30041,MT,54377
30043,MT,68128
30045,MT,51392
30047,MT,50978
30049,MT,67702
30051,MT,49277
30053,MT,48156
30055,MT,51881
30057,MT,62516
30059,MT,45391
30061,MT,50327
30063,MT,65682
30065,MT,54003
30067,MT,59113
30069,MT,48141
30071,MT,53626
30073,MT,47900
30075,MT,52298
30077,MT,47687
30079,MT,46328
30081,MT,60030
30083,MT,63148
30085,MT,47266
30087,MT,61331
30089,MT,50270
30091,MT,56095
30093,MT,52495
30095,MT,75820
30097,MT,61454
30099,MT,59787
30101,MT,49297
30103,MT,58275
30105,MT,55338
30107,MT,42431
30109,MT,51924
30111,MT,69182
31000,NE,66949
31001,NE,57136
31003,NE,57413
31005,NE,58677
31007,NE,59863
31009,NE,53541
31011,NE,64705
31013,NE,65493
31015,NE,51107
31017,NE,52738
31019,NE,65721
31021,NE,61317
31023,NE,66416
31025,NE,77771
31027,NE,64037
31029,NE,59492
31031,NE,53533
31033,NE,54772
31035,NE,64315
31037,NE,69498
31039,NE,66165
31041,NE,56531
31043,NE,64231
31045,NE,50905
31047,NE,61817
31049,NE,51583
31051,NE,64943
31053,NE,59872
31055,NE,69475
31057,NE,52916
31059,NE,65739
31061,NE,54192
31063,NE,53735
31065,NE,54308
31067,NE,56261
31069,NE,53240
31071,NE,51055
31073,NE,67263
31075,NE,64244
31077,NE,53225
31079,NE,60751
31081,NE,73024
31083,NE,58928
31085,NE,57060
31087,NE,50300
31089,NE,61415
31091,NE,52254
31093,NE,70906
31095,NE,57098
31097,NE,50886
31099,NE,72694
31101,NE,53637
31103,NE,49421
31105,NE,52460
31107,NE,54189
31109,NE,65436
31111,NE,61702
31113,NE,61004
31115,NE,53369
31117,NE,54138
31119,NE,61263
31121,NE,64309
31123,NE,52933
31125,NE,56880
31127,NE,56658
31129,NE,59602
31131,NE,67595
31133,NE,50501
31135,NE,61156
31137,NE,66986
31139,NE,64607
31141,NE,70177
31143,NE,69503
31145,NE,63958
31147,NE,54044
31149,NE,53120
31151,NE,63187
31153,NE,88913
31155,NE,78689
31157,NE,53206
31159,NE,75305
31161,NE,47543
31163,NE,54771
31165,NE,46834
31167,NE,71709
31169,NE,56626
31171,NE,53019
31173,NE,52202
31175,NE,52336
31177,NE,100572
31179,NE,59787
31181,NE,58161
31183,NE,50850
31185,NE,64531
32000,NV,66194
32001,NV,67716
32003,NV,63735
32005,NV,74053
32007,NV,81466
32009,NV,53509
32011,NV,80084
32013,NV,77018
32015,NV,85773
32017,NV,64304
32019,NV,71547
32021,NV,53515
32023,NV,59282
32027,NV,52412
32029,NV,79281
32031,NV,76123
32033,NV,63070
32510,NV,64869
33000,NH,88268
33001,NH,75781
33003,NH,66874
33005,NH,67883
33007,NH,53602
33009,NH,77378
33011,NH,90806
33013,NH,80842
33015,NH,104281
33017,NH,91928
33019,NH,64919
34000,NJ,89227
34001,NJ,65693
34003,NJ,104777
34005,NJ,94043
34007,NJ,77675
34009,NJ,74896
34011,NJ,58030
34013,NJ,66191
34015,NJ,93783
34017,NJ,79159
34019,NJ,122095
34021,NJ,86499
34023,NJ,98992
34025,NJ,107500
34027,NJ,122525
34029,NJ,75732
34031,NJ,74016
34033,NJ,69844
34035,NJ,123708
34037,NJ,99695
34039,NJ,85926
34041,NJ,82900
35000,NM,54304
35001,NM,59723
35003,NM,40273
35005,NM,45098
35006,NM,42862
35007,NM,42787
35009,NM,50322
35011,NM,40181
35013,NM,46619
35015,NM,66191
35017,NM,46503
35019,NM,37534
35021,NM,44080
35023,NM,40226
35025,NM,51749
35027,NM,50472
35028,NM,134050
35029,NM,35040
35031,NM,40149
35033,NM,41734
35035,NM,49845
35037,NM,35776
35039,NM,47042
35041,NM,46977
35043,NM,72545
35045,NM,49977
35047,NM,43564
35049,NM,67311
35051,NM,37660
35053,NM,38817
35055,NM,45626
35057,NM,45684
35059,NM,41518
35061,NM,50510
36000,NY,74230
36001,NY,74512
36003,NY,55320
36005,NY,43143
36007,NY,55729
36009,NY,54602
36011,NY,62839
36013,NY,48102
36015,NY,59155
36017,NY,58177
36019,NY,60094
36021,NY,69403
36023,NY,62292
36025,NY,53385
36027,NY,87370
36029,NY,63014
36031,NY,62884
36033,NY,54960
36035,NY,56169
36037,NY,62785
36039,NY,61375
36041,NY,57427
36043,NY,59366
36045,NY,59430
36047,NY,66943
36049,NY,59978
36051,NY,65221
36053,NY,66419
36055,NY,66003
36057,NY,55523
36059,NY,125118
36061,NY,84371
36063,NY,61068
36065,NY,59804
36067,NY,65548
36069,NY,76137
36071,NY,88494
36073,NY,56140
36075,NY,59394
36077,NY,61664
36079,NY,107014
36081,NY,72807
36083,NY,74106
36085,NY,84744
36087,NY,98054
36089,NY,55531
36091,NY,87154
36093,NY,72357
36095,NY,67080
36097,NY,57706
36099,NY,60985
36101,NY,57584
36103,NY,112681
36105,NY,57017
36107,NY,64052
36109,NY,65402
36111,NY,77427
36113,NY,69314
36115,NY,61633
36117,NY,65299
36119,NY,109131
36121,NY,66261
36123,NY,63619
37000,NC,61997
37001,NC,58847
37003,NC,52989
37005,NC,45239
37007,NC,40773
37009,NC,45551
37011,NC,48470
37013,NC,50312
37015,NC,41280
37017,NC,42398
37019,NC,67286
37021,NC,63838
37023,NC,53758
37025,NC,79148
37027,NC,44705
37029,NC,79162
37031,NC,63146
37033,NC,50879
37035,NC,59841
37037,NC,82764
37039,NC,44211
37041,NC,48568
37043,NC,51537
37045,NC,49009
37047,NC,41206
37049,NC,57628
37051,NC,52463
37053,NC,82759
37055,NC,68682
37057,NC,53473
37059,NC,67224
37061,NC,45149
37063,NC,71436
37065,NC,41157
37067,NC,60228
37069,NC,63687
37071,NC,56017
37073,NC,59762
37075,NC,43647
37077,NC,62715
37079,NC,42884
37081,NC,60915
37083,NC,38944
37085,NC,61701
37087,NC,51817
37089,NC,60384
37091,NC,40461
37093,NC,54948
37095,NC,44880
37097,NC,69734
37099,NC,50652
37101,NC,69889
37103,NC,47616
37105,NC,56679
37107,NC,44244
37109,NC,73319
37111,NC,50476
37113,NC,49406
37115,NC,51849
37117,NC,43261
37119,NC,75138
37121,NC,49086
37123,NC,52897
37125,NC,69373
37127,NC,55956
37129,NC,66212
37131,NC,40524
37133,NC,55645
37135,NC,79814
37137,NC,53732
37139,NC,51365
37141,NC,69555
37143,NC,53760
37145,NC,55287
37147,NC,48116
37149,NC,58064
37151,NC,57088
37153,NC,42158
37155,NC,38613
37157,NC,46868
37159,NC,56441
37161,NC,44477
37163,NC,48267
37165,NC,44060
37167,NC,57465
37169,NC,57763
37171,NC,51820
37173,NC,47838
37175,NC,61737
37177,NC,39970
37179,NC,87553
37181,NC,45557
37183,NC,91558
37185,NC,44794
37187,NC,42582
37189,NC,55183
37191,NC,49955
37193,NC,47891
37195,NC,48777
37197,NC,56547
37199,NC,46299
38000,ND,67603
38001,ND,56364
38003,ND,61111
38005,ND,47080
38007,ND,77375
38009,ND,67400
38011,ND,68253
38013,ND,71492
38015,ND,71980
38017,ND,66351
38019,ND,65006
38021,ND,55270
38023,ND,64646
38025,ND,75713
38027,ND,57277
38029,ND,55883
38031,ND,69364
38033,ND,63973
38035,ND,64804
38037,ND,48544
38039,ND,59520
38041,ND,54282
38043,ND,55020
38045,ND,65932
38047,ND,51318
38049,ND,64262
38051,ND,54211
38053,ND,86294
38055,ND,68419
38057,ND,78823
38059,ND,71415
38061,ND,71941
38063,ND,62095
38065,ND,72965
38067,ND,63809
38069,ND,55747
38071,ND,63973
38073,ND,71594
38075,ND,66937
38077,ND,65184
38079,ND,47394
38081,ND,69666
38083,ND,49374
38085,ND,40307
38087,ND,57922
38089,ND,73453
38091,ND,77013
38093,ND,63871
38095,ND,66452
38097,ND,72320
38099,ND,61472
38101,ND,69957
38103,ND,63665
38105,ND,77051
39000,OH,62286
39001,OH,47001
39003,OH,52518
39005,OH,59117
39007,OH,48916
39009,OH,49023
39011,OH,64942
39013,OH,50602
39015,OH,58990
39017,OH,72859
39019,OH,56287
39021,OH,64876
39023,OH,59077
39025,OH,70789
39027,OH,62999
39029,OH,51019
39031,OH,50135
39033,OH,50656
39035,OH,55250
39037,OH,59456
39039,OH,66697
39041,OH,118661
39043,OH,59226
39045,OH,80245
39047,OH,58020
39049,OH,66056
39051,OH,68985
39053,OH,49575
39055,OH,91701
39057,OH,79035
39059,OH,50599
39061,OH,64087
39063,OH,65866
39065,OH,53940
39067,OH,50691
39069,OH,69634
39071,OH,56772
39073,OH,55814
39075,OH,70027
39077,OH,62153
39079,OH,48745
39081,OH,50442
39083,OH,61642
39085,OH,74208
39087,OH,49916
39089,OH,72936
39091,OH,65499
39093,OH,63348
39095,OH,53379
39097,OH,71958
39099,OH,50216
39101,OH,53172
39103,OH,86880
39105,OH,45935
39107,OH,67958
39109,OH,65537
39111,OH,53036
39113,OH,56636
39115,OH,46327
39117,OH,62516
39119,OH,52806
39121,OH,50109
39123,OH,71409
39125,OH,60274
39127,OH,63329
39129,OH,72652
39131,OH,49357
39133,OH,65445
39135,OH,56134
39137,OH,72588
39139,OH,51733
39141,OH,53068
39143,OH,54399
39145,OH,43981
39147,OH,59292
39149,OH,63848
39151,OH,59205
39153,OH,63191
39155,OH,51838
39157,OH,58282
39159,OH,98167
39161,OH,61842
39163,OH,46511
39165,OH,97011
39167,OH,55133
39169,OH,60709
39171,OH,57131
39173,OH,64702
39175,OH,65757
40000,OK,55829
40001,OK,43371
40003,OK,55157
40005,OK,44489
40007,OK,60260
40009,OK,46744
40011,OK,50068
40013,OK,47916
40015,OK,44121
40017,OK,75806
40019,OK,53211
40021,OK,42269
40023,OK,41228
40025,OK,50300
40027,OK,67692
40029,OK,44733
40031,OK,50090
40033,OK,48703
40035,OK,48825
40037,OK,53287
40039,OK,51098
40041,OK,47774
40043,OK,53165
40045,OK,52503
40047,OK,59514
40049,OK,50043
40051,OK,61326
40053,OK,51688
40055,OK,39391
40057,OK,38826
40059,OK,58116
40061,OK,36954
40063,OK,39603
40065,OK,55293
40067,OK,37798
40069,OK,47039
40071,OK,50034
40073,OK,66770
40075,OK,40937
40077,OK,37294
40079,OK,42198
40081,OK,51525
40083,OK,68955
40085,OK,52205
40087,OK,72895
40089,OK,43930
40091,OK,42506
40093,OK,55948
40095,OK,49443
40097,OK,53161
40099,OK,55997
40101,OK,44521
40103,OK,58612
40105,OK,50228
40107,OK,36567
40109,OK,57890
40111,OK,46411
40113,OK,56156
40115,OK,45523
40117,OK,52367
40119,OK,50651
40121,OK,47589
40123,OK,51044
40125,OK,51569
40127,OK,42360
40129,OK,54944
40131,OK,69436
40133,OK,42053
40135,OK,43293
40137,OK,49840
40139,OK,56229
40141,OK,44231
40143,OK,59232
40145,OK,70603
40147,OK,54108
40149,OK,51073
40151,OK,51371
40153,OK,56666
41000,OR,71441
41001,OR,53107
41003,OR,65419
41005,OR,91076
41007,OR,59539
41009,OR,78267
41011,OR,54067
41013,OR,65755
41015,OR,52586
41017,OR,79648
41019,OR,52042
41021,OR,69135
41023,OR,53079
41025,OR,50113
41027,OR,70850
41029,OR,63308
41031,OR,59317
41033,OR,49833
41035,OR,49660
41037,OR,52012
41039,OR,61509
41041,OR,52751
41043,OR,64834
41045,OR,51466
41047,OR,64412
41049,OR,67334
41051,OR,77851
41053,OR,71606
41055,OR,69892
41057,OR,56158
41059,OR,58764
41061,OR,53294
41063,OR,58311
41065,OR,59638
41067,OR,91899
41069,OR,43468
41071,OR,75303
42000,PA,68931
42001,PA,72849
42003,PA,68874
42005,PA,54089
42007,PA,64593
42009,PA,52984
42011,PA,68693
42013,PA,55843
42015,PA,55199
42017,PA,99755
42019,PA,77902
42021,PA,52441
42023,PA,47588
42025,PA,58295
42027,PA,66239
42029,PA,109616
42031,PA,55551
42033,PA,54539
42035,PA,54171
42037,PA,56300
42039,PA,55141
42041,PA,81975
42043,PA,66121
42045,PA,78194
42047,PA,56843
42049,PA,56799
42051,PA,47812
42053,PA,46432
42055,PA,66983
42057,PA,55100
42059,PA,55287
42061,PA,54516
42063,PA,51887
42065,PA,51099
42067,PA,55279
42069,PA,61227
42071,PA,75619
42073,PA,58307
42075,PA,71826
42077,PA,68688
42079,PA,58645
42081,PA,58862
42083,PA,54377
42085,PA,54112
42087,PA,51503
42089,PA,74989
42091,PA,102648
42093,PA,68053
42095,PA,78768
42097,PA,50930
42099,PA,76010
42101,PA,52882
42103,PA,70065
42105,PA,51348
42107,PA,57868
42109,PA,61208
42111,PA,53770
42113,PA,55516
42115,PA,56995
42117,PA,56920
42119,PA,67424
42121,PA,56992
42123,PA,54073
42125,PA,68238
42127,PA,54336
42129,PA,63184
42131,PA,63118
42133,PA,72949
44000,RI,73324
44001,RI,94553
44003,RI,74282
44005,RI,85764
44007,RI,66610
44009,RI,90152
45000,SC,59447
45001,SC,49485
45003,SC,56711
45005,SC,31262
45007,SC,58951
45009,SC,37906
45011,SC,42265
45013,SC,72661
45015,SC,74289
45017,SC,39476
45019,SC,71755
45021,SC,45829
45023,SC,46500
45025,SC,45395
45027,SC,41240
45029,SC,46629
45031,SC,46291
45033,SC,39613
45035,SC,71548
45037,SC,57774
45039,SC,40766
45041,SC,52062
45043,SC,58419
45045,SC,68487
45047,SC,52462
45049,SC,41281
45051,SC,56342
45053,SC,54099
45055,SC,54900
45057,SC,68993
45059,SC,53130
45061,SC,39125
45063,SC,65016
45065,SC,50005
45067,SC,37534
45069,SC,38254
45071,SC,57072
45073,SC,53432
45075,SC,39832
45077,SC,54415
45079,SC,56940
45081,SC,50440
45083,SC,60470
45085,SC,48286
45087,SC,43615
45089,SC,40235
45091,SC,73466
46000,SD,66843
46003,SD,56110
46005,SD,53648
46007,SD,41607
46009,SD,54009
46011,SD,61581
46013,SD,62070
46015,SD,58516
46017,SD,25653
46019,SD,53812
46021,SD,61892
46023,SD,50712
46025,SD,59637
46027,SD,51388
46029,SD,65106
46031,SD,34372
46033,SD,68600
46035,SD,60924
46037,SD,56687
46039,SD,63342
46041,SD,45120
46043,SD,60711
46045,SD,67142
46047,SD,52113
46049,SD,59970
46051,SD,66697
46053,SD,45603
46055,SD,54380
46057,SD,75467
46059,SD,64118
46061,SD,79602
46063,SD,58187
46065,SD,72724
46067,SD,60502
46069,SD,60715
46071,SD,39639
46073,SD,67818
46075,SD,53891
46077,SD,60106
46079,SD,67151
46081,SD,62652
46083,SD,91352
46085,SD,48076
46087,SD,69208
46089,SD,49970
46091,SD,62871
46093,SD,63475
46095,SD,40223
46097,SD,60032
46099,SD,73040
46101,SD,66527
46102,SD,35046
46103,SD,64387
46105,SD,49810
46107,SD,64542
46109,SD,55666
46111,SD,61286
46115,SD,62269
46117,SD,73957
46119,SD,62078
46121,SD,36362
46123,SD,50688
46125,SD,66854
46127,SD,87314
46129,SD,53162
46135,SD,65826
46137,SD,37066
47000,TN,59698
47001,TN,58633
47003,TN,55420
47005,TN,45165
47007,TN,44867
47009,TN,62724
47011,TN,56273
47013,TN,44325
47015,TN,53093
47017,TN,45997
47019,TN,45293
47021,TN,75162
47023,TN,51615
47025,TN,43331
47027,TN,39770
47029,TN,40572
47031,TN,55070
47033,TN,50792
47035,TN,52000
47037,TN,65463
47039,TN,48292
47041,TN,45612
47043,TN,61219
47045,TN,51499
47047,TN,70943
47049,TN,41469
47051,TN,57723
47053,TN,51280
47055,TN,55468
47057,TN,46983
47059,TN,54166
47061,TN,41266
47063,TN,48483
47065,TN,65689
47067,TN,34055
47069,TN,44314
47071,TN,50309
47073,TN,49873
47075,TN,42634
47077,TN,53282
47079,TN,45980
47081,TN,50345
47083,TN,48788
47085,TN,55298
47087,TN,43611
47089,TN,50969
47091,TN,42230
47093,TN,64817
47095,TN,29281
47097,TN,42280
47099,TN,49794
47101,TN,50422
47103,TN,52018
47105,TN,72378
47107,TN,50480
47109,TN,45083
47111,TN,49357
47113,TN,53954
47115,TN,51898
47117,TN,64710
47119,TN,68425
47121,TN,51337
47123,TN,50364
47125,TN,63593
47127,TN,62609
47129,TN,48122
47131,TN,50021
47133,TN,45793
47135,TN,43998
47137,TN,44566
47139,TN,50863
47141,TN,52138
47143,TN,50479
47145,TN,56355
47147,TN,67539
47149,TN,77942
47151,TN,40788
47153,TN,55099
47155,TN,51771
47157,TN,54931
47159,TN,56567
47161,TN,56764
47163,TN,49489
47165,TN,71268
47167,TN,62814
47169,TN,49014
47171,TN,44971
47173,TN,51102
47175,TN,45565
47177,TN,48444
47179,TN,56071
47181,TN,47563
47183,TN,44799
47185,TN,45239
47187,TN,123474
47189,TN,82489
48000,TX,66959
48001,TX,54515
48003,TX,70005
48005,TX,50620
48007,TX,55435
48009,TX,69286
48011,TX,64401
48013,TX,57905
48015,TX,68150
48017,TX,47375
48019,TX,69051
48021,TX,72809
48023,TX,45408
48025,TX,45431
48027,TX,58878
48029,TX,63014
48031,TX,69247
48033,TX,69744
48035,TX,56041
48037,TX,52934
48039,TX,82165
48041,TX,50494
48043,TX,51197
48045,TX,49905
48047,TX,33460
48049,TX,48803
48051,TX,57469
48053,TX,72510
48055,TX,60063
48057,TX,70662
48059,TX,56708
48061,TX,46436
48063,TX,51024
48065,TX,66548
48067,TX,42896
48069,TX,62236
48071,TX,89767
48073,TX,48664
48075,TX,42758
48077,TX,60973
48079,TX,42274
48081,TX,46767
48083,TX,42253
48085,TX,102119
48087,TX,45734
48089,TX,62004
48091,TX,93487
48093,TX,49076
48095,TX,48563
48097,TX,58060
48099,TX,59718
48101,TX,44590
48103,TX,63555
48105,TX,53159
48107,TX,42728
48109,TX,48217
48111,TX,70895
48113,TX,63549
48115,TX,43627
48117,TX,50967
48119,TX,50329
48121,TX,98027
48123,TX,54279
48125,TX,42690
48127,TX,41838
48129,TX,44353
48131,TX,37921
48133,TX,47526
48135,TX,58389
48137,TX,47573
48139,TX,87698
48141,TX,50983
48143,TX,51964
48145,TX,46173
48147,TX,56794
48149,TX,64711
48151,TX,51362
48153,TX,43855
48155,TX,42616
48157,TX,98070
48159,TX,51885
48161,TX,48397
48163,TX,47833
48165,TX,58712
48167,TX,77627
48169,TX,43890
48171,TX,71594
48173,TX,116958
48175,TX,58937
48177,TX,48164
48179,TX,45530
48181,TX,62678
48183,TX,57608
48185,TX,52540
48187,TX,80145
48189,TX,47373
48191,TX,34766
48193,TX,53759
48195,TX,57692
48197,TX,45677
48199,TX,67183
48201,TX,63539
48203,TX,56645
48205,TX,71332
48207,TX,43546
48209,TX,79336
48211,TX,65387
48213,TX,50348
48215,TX,44260
48217,TX,52495
48219,TX,51078
48221,TX,68911
48223,TX,56680
48225,TX,45603
48227,TX,55842
48229,TX,38904
48231,TX,58326
48233,TX,56646
48235,TX,69966
48237,TX,51846
48239,TX,60666
48241,TX,50038
48243,TX,56149
48245,TX,55575
48247,TX,37454
48249,TX,43852
48251,TX,76226
48253,TX,52288
48255,TX,48470
48257,TX,73660
48259,TX,102832
48261,TX,42379
48263,TX,54154
48265,TX,60834
48267,TX,48671
48269,TX,74890
48271,TX,50567
48273,TX,49226
48275,TX,45558
48277,TX,50787
48279,TX,48981
48281,TX,64401
48283,TX,40549
48285,TX,54421
48287,TX,59469
48289,TX,51582
48291,TX,57174
48293,TX,50381
48295,TX,64249
48297,TX,52910
48299,TX,61037
48301,TX,100917
48303,TX,57270
48305,TX,50374
48307,TX,43525
48309,TX,58524
48311,TX,63120
48313,TX,48251
48315,TX,43178
48317,TX,69505
48319,TX,56690
48321,TX,50054
48323,TX,41815
48325,TX,62907
48327,TX,41507
48329,TX,84837
48331,TX,53320
48333,TX,54948
48335,TX,44476
48337,TX,54988
48339,TX,87831
48341,TX,61833
48343,TX,44957
48345,TX,47835
48347,TX,46970
48349,TX,51015
48351,TX,44030
48353,TX,44342
48355,TX,59337
48357,TX,60914
48359,TX,62868
48361,TX,65908
48363,TX,57580
48365,TX,54244
48367,TX,85613
48369,TX,56632
48371,TX,49291
48373,TX,50827
48375,TX,45904
48377,TX,39791
48379,TX,57294
48381,TX,72082
48383,TX,65162
48385,TX,46907
48387,TX,46134
48389,TX,46275
48391,TX,46695
48393,TX,73224
48395,TX,50816
48397,TX,120696
48399,TX,48190
48401,TX,53186
48403,TX,46233
48405,TX,43335
48407,TX,52302
48409,TX,58227
48411,TX,45437
48413,TX,52408
48415,TX,49727
48417,TX,61351
48419,TX,43244
48421,TX,62557
48423,TX,62903
48425,TX,68280
48427,TX,33535
48429,TX,46064
48431,TX,69212
48433,TX,49813
48435,TX,59905
48437,TX,45509
48439,TX,71399
48441,TX,53820
48443,TX,44343
48445,TX,42225
48447,TX,46253
48449,TX,49513
48451,TX,60750
48453,TX,84519
48455,TX,46569
48457,TX,46955
48459,TX,51634
48461,TX,49340
48463,TX,48438
48465,TX,50532
48467,TX,59929
48469,TX,57142
48471,TX,43012
48473,TX,65437
48475,TX,58461
48477,TX,66601
48479,TX,50865
48481,TX,56522
48483,TX,49282
48485,TX,53148
48487,TX,48117
48489,TX,37087
48491,TX,96653
48493,TX,78794
48495,TX,62477
48497,TX,77668
48499,TX,53485
48501,TX,66816
48503,TX,53715
48505,TX,37474
48507,TX,35046
49000,UT,79449
49001,UT,59437
49003,UT,69538
49005,UT,69670
49007,UT,50503
49009,UT,57400
49011,UT,93260
49013,UT,63327
49015,UT,62257
49017,UT,56943
49019,UT,52645
49021,UT,61421
49023,UT,77036
49025,UT,62311
49027,UT,68131
49029,UT,111472
49031,UT,50768
49033,UT,70815
49035,UT,80676
49037,UT,48071
49039,UT,62098
49041,UT,68303
49043,UT,124354
49045,UT,90591
49047,UT,64105
49049,UT,86597
49051,UT,102206
49053,UT,63639
49055,UT,57768
49057,UT,72348
50000,VT,72415
50001,VT,79756
50003,VT,65185
50005,VT,59762
50007,VT,84290
50009,VT,50840
50011,VT,69583
50013,VT,80693
50015,VT,64083
50017,VT,71487
50019,VT,54346
50021,VT,59916
50023,VT,75692
50025,VT,64381
50027,VT,65086
51000,VA,80926
51001,VA,50949
51003,VA,91849
51005,VA,49197
51007,VA,62884
51009,VA,57294
51011,VA,58860
51013,VA,124474
51015,VA,69243
51017,VA,56200
51019,VA,66026
51021,VA,50492
51023,VA,74081
51025,VA,47401
51027,VA,38087
51029,VA,54263
51031,VA,53059
51033,VA,73390
51035,VA,45956
51036,VA,63299
51037,VA,48382
51041,VA,86101
51043,VA,91603
51045,VA,57299
51047,VA,82220
51049,VA,52200
51051,VA,39722
51053,VA,66397
51057,VA,59012
51059,VA,133845
51061,VA,106714
51063,VA,54765
51065,VA,77226
51067,VA,60062
51069,VA,85262
51071,VA,55018
51073,VA,75630
51075,VA,104379
51077,VA,42553
51079,VA,76941
51081,VA,49323
51083,VA,46244
51085,VA,95195
51087,VA,78888
51089,VA,45784
51091,VA,48972
51093,VA,86286
51095,VA,92270
51097,VA,59730
51099,VA,98668
51101,VA,79378
51103,VA,58578
51105,VA,38529
51107,VA,153716
51109,VA,68838
51111,VA,44852
51113,VA,67527
51115,VA,69978
51117,VA,48013
51119,VA,62710
51121,VA,57752
51125,VA,61224
51127,VA,102920
51131,VA,51059
51133,VA,63255
51135,VA,46442
51137,VA,94547
51139,VA,53449
51141,VA,46963
51143,VA,52006
51145,VA,99854
51147,VA,51239
51149,VA,79710
51153,VA,116354
51155,VA,53111
51157,VA,80098
51159,VA,53959
51161,VA,73438
51163,VA,59252
51165,VA,72392
51167,VA,45254
51169,VA,42894
51171,VA,65308
51173,VA,42303
51175,VA,57965
51177,VA,100162
51179,VA,116569
51181,VA,61358
51183,VA,54282
51185,VA,40728
51187,VA,73546
51191,VA,54223
51193,VA,59959
51195,VA,41994
51197,VA,51206
51199,VA,97500
51510,VA,100877
51520,VA,41272
51530,VA,47144
51540,VA,61255
51550,VA,87057
51570,VA,59455
51580,VA,43075
51590,VA,37652
51595,VA,41610
51600,VA,107334
51610,VA,142430
51620,VA,46460
51630,VA,77437
51640,VA,42023
51650,VA,57662
51660,VA,50250
51670,VA,47263
51678,VA,53400
51680,VA,52127
51683,VA,100530
51685,VA,87255
51690,VA,38571
51700,VA,58303
51710,VA,56951
51720,VA,38316
51730,VA,40682
51735,VA,105525
51740,VA,53618
51750,VA,48898
51760,VA,52011
51770,VA,47545
51775,VA,60740
51790,VA,54508
51800,VA,78090
51810,VA,81364
51820,VA,54106
51830,VA,61750
51840,VA,55908
53000,WA,84155
53001,WA,57405
53003,WA,56438
53005,WA,77339
53007,WA,64700
53009,WA,62623
53011,WA,83790
53013,WA,59650
53015,WA,70104
53017,WA,64932
53019,WA,50565
53021,WA,79532
53023,WA,61268
53025,WA,61815
53027,WA,55018
53029,WA,76729
53031,WA,61548
53033,WA,110351
53035,WA,86826
53037,WA,62721
53039,WA,61542
53041,WA,63828
53043,WA,64692
53045,WA,73696
53047,WA,55233
53049,WA,58715
53051,WA,55060
53053,WA,85492
53055,WA,71678
53057,WA,72831
53059,WA,75158
53061,WA,99650
53063,WA,65571
53065,WA,60180
53067,WA,81544
53069,WA,64777
53071,WA,63631
53073,WA,71739
53075,WA,53140
53077,WA,60058
54000,WV,51122
54001,WV,43545
54003,WV,70893
54005,WV,41227
54007,WV,41587
54009,WV,52217
54011,WV,46923
54013,WV,38835
54015,WV,38261
54017,WV,48473
54019,WV,40478
54021,WV,40450
54023,WV,47357
54025,WV,41958
54027,WV,52186
54029,WV,52301
54031,WV,51591
54033,WV,52026
54035,WV,58606
54037,WV,85277
54039,WV,55069
54041,WV,47275
54043,WV,41452
54045,WV,40394
54047,WV,28720
54049,WV,51252
54051,WV,51385
54053,WV,44360
54055,WV,45679
54057,WV,54960
54059,WV,33416
54061,WV,56706
54063,WV,47344
54065,WV,58460
54067,WV,47186
54069,WV,53560
54071,WV,48035
54073,WV,53712
54075,WV,40260
54077,WV,57174
54079,WV,66946
54081,WV,42525
54083,WV,44451
54085,WV,47873
54087,WV,41202
54089,WV,40704
54091,WV,51580
54093,WV,49097
54095,WV,51594
54097,WV,49704
54099,WV,49227
54101,WV,36919
54103,WV,50110
54105,WV,50160
54107,WV,53435
54109,WV,37522
55000,WI,67150
55001,WI,53592
55003,WI,54799
55005,WI,60371
55007,WI,63136
55009,WI,67232
55011,WI,61382
55013,WI,56874
55015,WI,78666
55017,WI,62306
55019,WI,59258
55021,WI,74842
55023,WI,57130
55025,WI,77653
55027,WI,67743
55029,WI,64818
55031,WI,58412
55033,WI,64065
55035,WI,63073
55037,WI,62243
55039,WI,69428
55041,WI,52275
55043,WI,57861
55045,WI,73386
55047,WI,59732
55049,WI,73294
55051,WI,50731
55053,WI,59478
55055,WI,69247
55057,WI,57000
55059,WI,71051
55061,WI,71861
55063,WI,62302
55065,WI,66719
55067,WI,57229
55069,WI,62064
55071,WI,59774
55073,WI,74050
55075,WI,56942
55077,WI,60020
55078,WI,42976
55079,WI,56417
55081,WI,62742
55083,WI,68480
55085,WI,60679
55087,WI,73882
55089,WI,91014
55091,WI,66179
55093,WI,80354
55095,WI,68732
55097,WI,66471
55099,WI,56249
55101,WI,69021
55103,WI,59120
55105,WI,66383
55107,WI,51585
55109,WI,94629
55111,WI,70254
55113,WI,51748
55115,WI,62669
55117,WI,64133
55119,WI,59473
55121,WI,63235
55123,WI,60041
55125,WI,61716
55127,WI,70688
55129,WI,57536
55131,WI,85266
55133,WI,94506
55135,WI,63216
55137,WI,57188
55139,WI,64640
55141,WI,55946
56000,WY,66508
56001,WY,53112
56003,WY,58697
56005,WY,88491
56007,WY,63984
56009,WY,74174
56011,WY,63270
56013,WY,56316
56015,WY,53428
56017,WY,54680
56019,WY,57275
56021,WY,63134
56023,WY,75872
56025,WY,63940
56027,WY,50733
56029,WY,63286
56031,WY,59634
56033,WY,63745
56035,WY,76703
56037,WY,74677
56039,WY,102709
56041,WY,70162
56043,WY,62176
56045,WY,62509
72000,PR,
72001,PR,
72003,PR,
72005,PR,
72007,PR,
72009,PR,
72011,PR,
72013,PR,
72015,PR,
72017,PR,
72019,PR,
72021,PR,
72023,PR,
72025,PR,
72027,PR,
72029,PR,
72031,PR,
72033,PR,
72035,PR,
72037,PR,
72039,PR,
72041,PR,
72043,PR,
72045,PR,
72047,PR,
72049,PR,
72051,PR,
72053,PR,
72054,PR,
72055,PR,
72057,PR,
72059,PR,
72061,PR,
72063,PR,
72065,PR,
72067,PR,
72069,PR,
72071,PR,
72073,PR,
72075,PR,
72077,PR,
72079,PR,
72081,PR,
72083,PR,
72085,PR,
72087,PR,
72089,PR,
72091,PR,
72093,PR,
72095,PR,
72097,PR,
72099,PR,
72101,PR,
72103,PR,
72105,PR,
72107,PR,
72109,PR,
72111,PR,
72113,PR,
72115,PR,
72117,PR,
72119,PR,
72121,PR,
72123,PR,
72125,PR,
72127,PR,
72129,PR,
72131,PR,
72133,PR,
72135,PR,
72137,PR,
72139,PR,
72141,PR,
72143,PR,
72145,PR,
72147,PR,
72149,PR,
72151,PR,
72153,PR,
